Local Government Area,Owned - outright,Owned - with a mortgage,Rented - Real estate agent,Rented - State or territory housing authority,Rented - Person not in same household,"Rented - Housing co-operative, community or church group",Rented - Other landlord type ,Rented - Landlord type not stated,Other tenure type,Tenure type not stated,Total,Median mortgage repayment ($/monthly),State
LGA10050 Albury (C),"5,440","6,403","3,783",827,"1,067",144,170,88,149,545,"18,616","1,450",New South Wales
LGA10110 Armidale Dumaresq (A),"2,888","2,322","1,803",451,519,103,123,76,71,233,"8,589","1,430",New South Wales
LGA10150 Ashfield (A),"4,408","4,240","4,624",231,972,158,93,62,125,384,"15,297","2,167",New South Wales
LGA10200 Auburn (C),"5,505","7,104","5,824",836,"1,432",130,236,128,135,751,"22,081","2,000",New South Wales
LGA10250 Ballina (A),"6,274","4,169","2,415",602,"1,065",135,241,93,199,404,"15,597","1,733",New South Wales
LGA10300 Balranald (A),327,216,44,21,86,20,47,23,11,32,827,867,New South Wales
LGA10350 Bankstown (C),"19,468","18,982","7,236","5,296","2,736",469,508,305,394,"1,842","57,236","2,000",New South Wales
LGA10470 Bathurst Regional (A),"4,472","4,692","2,385",556,840,72,106,99,71,362,"13,655","1,625",New South Wales
LGA10550 Bega Valley (A),"5,610","3,586","1,462",348,851,102,149,111,114,343,"12,676","1,300",New South Wales
LGA10600 Bellingen (A),"2,236","1,316",572,100,460,31,70,53,52,120,"5,010","1,300",New South Wales
LGA10650 Berrigan (A),"1,437",908,314,27,260,26,76,48,34,118,"3,248","1,181",New South Wales
LGA10750 Blacktown (C),"21,763","40,873","14,194","8,147","4,276",481,699,373,493,"2,358","93,657","2,100",New South Wales
LGA10800 Bland (A),"1,064",604,117,47,173,16,97,43,29,72,"2,262","1,040",New South Wales
LGA10850 Blayney (A),967,916,297,53,150,23,35,27,17,66,"2,551","1,419",New South Wales
LGA10900 Blue Mountains (C),"10,489","11,383","3,338",351,"1,245",200,109,134,275,506,"28,030","1,842",New South Wales
LGA10950 Bogan (A),427,239,58,57,95,13,84,21,6,50,"1,050","1,083",New South Wales
LGA11000 Bombala (A),502,250,32,12,105,4,33,28,8,28,"1,002",975,New South Wales
LGA11050 Boorowa (A),483,251,60,8,68,11,35,17,14,21,968,"1,000",New South Wales
LGA11100 Botany Bay (C),"3,978","4,351","2,952","1,393",691,94,105,81,81,395,"14,121","2,500",New South Wales
LGA11150 Bourke (A),291,205,15,68,98,44,120,28,11,59,939,888,New South Wales
LGA11200 Brewarrina (A),151,68,6,56,42,121,63,35,14,18,574,585,New South Wales
LGA11250 Broken Hill (C),"3,347","2,166",660,103,532,34,184,45,50,314,"7,435",953,New South Wales
LGA11300 Burwood (A),"3,642","2,763","2,702",310,664,84,94,69,69,329,"10,726","2,167",New South Wales
LGA11350 Byron (A),"3,923","3,223","1,562",160,"1,533",68,149,139,103,336,"11,196","1,668",New South Wales
LGA11400 Cabonne (A),"2,051","1,574",276,28,374,38,117,84,50,112,"4,704","1,398",New South Wales
LGA11450 Camden (A),"4,648","9,421","2,112",322,712,56,86,61,151,305,"17,874","2,167",New South Wales
LGA11500 Campbelltown (C),"11,435","19,993","6,492","5,274","1,976",263,207,162,348,"1,138","47,288","1,800",New South Wales
LGA11520 Canada Bay (A),"9,267","8,691","6,539",740,"1,452",117,279,146,142,644,"28,017","2,600",New South Wales
LGA11550 Canterbury (C),"14,112","13,112","10,735","2,679","2,264",408,417,246,297,"1,659","45,929","2,000",New South Wales
LGA11600 Carrathool (A),418,216,13,11,126,12,112,24,17,35,984,867,New South Wales
LGA11700 Central Darling (A),279,71,0,95,50,31,115,25,27,43,736,300,New South Wales
LGA11720 Cessnock (C),"6,344","6,615","2,727",639,895,56,156,118,120,559,"18,229","1,517",New South Wales
LGA11730 Clarence Valley (A),"8,417","5,389","2,420",430,"1,369",170,267,155,135,505,"19,257","1,300",New South Wales
LGA11750 Cobar (A),550,434,210,87,92,50,213,30,10,46,"1,722","1,300",New South Wales
LGA11800 Coffs Harbour (C),"9,284","7,492","4,513","1,151","1,866",225,360,188,326,670,"26,075","1,564",New South Wales
LGA11860 Conargo (A),231,169,6,0,48,0,42,30,14,9,549,"1,018",New South Wales
LGA12000 Coolamon (A),688,481,39,15,153,7,25,18,14,47,"1,487","1,200",New South Wales
LGA12050 Cooma-Monaro (A),"1,506","1,284",448,94,266,24,57,31,31,86,"3,827","1,300",New South Wales
LGA12150 Coonamble (A),651,327,68,80,155,44,86,48,27,50,"1,536",780,New South Wales
LGA12200 Cootamundra (A),"1,351",824,238,171,179,0,48,33,24,86,"2,954","1,083",New South Wales
LGA12300 Corowa Shire (A),"1,883","1,367",495,38,313,28,67,40,38,140,"4,409","1,300",New South Wales
LGA12350 Cowra (A),"2,006","1,279",561,169,325,36,79,44,44,196,"4,739","1,096",New South Wales
LGA12500 Deniliquin (A),"1,101",880,449,116,150,29,27,20,9,132,"2,913","1,083",New South Wales
LGA12600 Dubbo (C),"4,223","5,084","2,420",749,760,90,127,92,146,348,"14,039","1,508",New South Wales
LGA12700 Dungog (A),"1,328","1,094",226,37,227,15,45,27,36,79,"3,114","1,637",New South Wales
LGA12750 Eurobodalla (A),"6,635","3,414","1,839",413,"1,056",122,155,108,160,434,"14,336","1,430",New South Wales
LGA12850 Fairfield (C),"18,138","18,061","8,689","4,154","2,891",421,706,321,369,"2,087","55,837","1,800",New South Wales
LGA12900 Forbes (A),"1,338","1,062",430,163,263,14,87,53,20,130,"3,560","1,127",New South Wales
LGA12950 Gilgandra (A),708,427,137,61,154,23,42,27,18,54,"1,651",932,New South Wales
LGA13010 Glen Innes Severn (A),"1,554",885,434,81,212,48,65,40,41,107,"3,467","1,083",New South Wales
LGA13050 Gloucester (A),974,461,215,45,153,10,53,20,13,56,"2,000","1,517",New South Wales
LGA13100 Gosford (C),"21,597","21,185","9,688","1,996","3,098",342,445,314,991,"1,639","61,295","1,950",New South Wales
LGA13310 Goulburn Mulwaree (A),"3,755","3,433","1,423",558,670,66,156,71,66,262,"10,460","1,517",New South Wales
LGA13320 Great Lakes (A),"6,783","3,180","2,164",223,868,127,185,93,195,490,"14,308","1,400",New South Wales
LGA13340 Greater Hume Shire (A),"1,559","1,225",200,18,285,13,87,64,35,125,"3,611","1,200",New South Wales
LGA13380 Greater Taree (C),"7,707","5,007","2,714",596,"1,023",188,162,139,131,494,"18,161","1,300",New South Wales
LGA13450 Griffith (C),"2,903","2,547","1,419",330,572,62,171,104,61,286,"8,455","1,517",New South Wales
LGA13500 Gundagai (A),630,382,102,31,104,0,54,31,24,46,"1,404","1,170",New South Wales
LGA13550 Gunnedah (A),"1,701","1,272",622,165,331,48,125,48,50,126,"4,488","1,300",New South Wales
LGA13650 Guyra (A),712,449,77,45,151,22,52,29,20,56,"1,613","1,083",New South Wales
LGA13660 Gwydir (A),973,450,90,16,173,8,127,72,38,71,"2,018",888,New South Wales
LGA13700 Harden (A),694,383,78,15,120,5,55,37,13,35,"1,435","1,083",New South Wales
LGA13800 Hawkesbury (C),"6,226","8,859","2,744",713,"1,042",143,427,131,143,418,"20,846","2,034",New South Wales
LGA13850 Hay (A),452,296,96,41,136,5,69,17,9,44,"1,165","1,083",New South Wales
LGA13950 Holroyd (C),"9,577","10,811","6,919","2,165","1,706",303,221,167,255,887,"33,011","2,058",New South Wales
LGA14000 Hornsby (A),"19,401","21,014","6,952",672,"2,198",403,275,208,771,780,"52,674","2,400",New South Wales
LGA14100 Hunters Hill (A),"1,758","1,422",595,284,199,31,24,23,59,95,"4,490","3,000",New South Wales
LGA14150 Hurstville (C),"9,950","8,946","4,995","1,126","1,304",133,147,114,177,654,"27,546","2,167",New South Wales
LGA14200 Inverell (A),"2,331","1,807",790,203,387,89,124,103,60,186,"6,080","1,200",New South Wales
LGA14250 Jerilderie (A),252,138,22,8,50,10,23,14,10,17,544,955,New South Wales
LGA14300 Junee (A),721,645,196,58,132,16,26,22,15,57,"1,888","1,170",New South Wales
LGA14350 Kempsey (A),"4,514","2,855","1,451",394,662,151,132,104,63,289,"10,615","1,300",New South Wales
LGA14400 Kiama (A),"3,316","2,275",919,61,420,58,44,36,123,162,"7,414","2,000",New South Wales
LGA14450 Kogarah (C),"7,187","6,402","3,685",228,"1,016",58,107,98,118,448,"19,347","2,167",New South Wales
LGA14500 Ku-ring-gai (A),"16,373","13,067","3,784",30,"1,194",158,107,124,343,599,"35,779","3,000",New South Wales
LGA14550 Kyogle (A),"1,671","1,002",284,47,309,55,51,46,33,105,"3,603","1,083",New South Wales
LGA14600 Lachlan (A),"1,068",571,124,116,226,59,117,71,32,91,"2,475",867,New South Wales
LGA14650 Lake Macquarie (C),"27,001","24,934","8,044","3,442","3,539",415,541,282,612,"1,750","70,560","1,733",New South Wales
LGA14700 Lane Cove (A),"3,961","3,978","2,554",201,688,74,72,51,107,195,"11,881","2,732",New South Wales
LGA14750 Leeton (A),"1,376","1,239",497,127,261,22,82,52,17,114,"3,787","1,300",New South Wales
LGA14800 Leichhardt (A),"5,205","7,019","5,902",908,"1,514",132,108,85,84,360,"21,317","3,000",New South Wales
LGA14850 Lismore (C),"5,885","5,282","2,195",526,"1,486",132,209,127,126,374,"16,342","1,495",New South Wales
LGA14870 Lithgow (C),"3,132","2,429",876,417,450,21,64,64,62,271,"7,786","1,450",New South Wales
LGA14900 Liverpool (C),"12,908","22,453","8,351","4,217","2,124",350,964,295,295,"1,638","53,595","2,167",New South Wales
LGA14920 Liverpool Plains (A),"1,269",728,261,61,301,39,124,61,34,72,"2,950","1,083",New South Wales
LGA14950 Lockhart (A),542,348,30,4,96,14,33,9,7,44,"1,127",975,New South Wales
LGA15050 Maitland (C),"7,435","9,576","3,562","1,388","1,019",88,310,87,143,488,"24,096","1,733",New South Wales
LGA15150 Manly (A),"4,882","4,360","3,894",254,"1,151",72,73,76,73,300,"15,135","3,033",New South Wales
LGA15200 Marrickville (A),"7,012","9,233","9,232",858,"2,162",331,152,156,135,705,"29,976","2,477",New South Wales
LGA15270 Mid-Western Regional (A),"3,387","2,452","1,153",279,501,32,157,98,53,250,"8,362","1,560",New South Wales
LGA15300 Moree Plains (A),"1,401","1,158",618,332,319,166,335,110,48,173,"4,660","1,300",New South Wales
LGA15350 Mosman (A),"3,945","2,830","2,740",45,763,53,27,56,88,194,"10,741","3,033",New South Wales
LGA15500 Murray (A),"1,163",768,339,15,145,51,52,31,61,84,"2,709","1,430",New South Wales
LGA15550 Murrumbidgee (A),289,229,64,9,108,16,62,30,8,22,837,"1,040",New South Wales
LGA15650 Muswellbrook (A),"1,511","1,855","1,099",302,286,70,154,64,36,156,"5,533","1,733",New South Wales
LGA15700 Nambucca (A),"3,416","1,856",948,309,489,102,96,80,63,258,"7,617","1,208",New South Wales
LGA15750 Narrabri (A),"1,757","1,342",380,226,458,44,229,97,55,195,"4,783","1,300",New South Wales
LGA15800 Narrandera (A),918,660,162,53,222,15,65,30,22,96,"2,243","1,062",New South Wales
LGA15850 Narromine (A),936,699,242,122,186,28,81,49,27,80,"2,450","1,083",New South Wales
LGA15900 Newcastle (C),"18,056","18,587","10,604","3,511","4,431",464,495,308,402,"1,593","58,451","1,777",New South Wales
LGA15950 North Sydney (A),"6,927","6,695","11,000",453,"2,458",41,130,129,117,479,"28,429","2,700",New South Wales
LGA16100 Oberon (A),793,598,220,34,96,4,54,25,13,48,"1,885","1,517",New South Wales
LGA16150 Orange (C),"4,379","4,499","2,696",915,641,90,106,60,80,398,"13,864","1,625",New South Wales
LGA16180 Palerang (A),"1,831","2,222",291,12,274,0,64,46,26,82,"4,848","2,162",New South Wales
LGA16200 Parkes (A),"2,033","1,600",646,256,423,75,104,48,53,165,"5,403","1,300",New South Wales
LGA16250 Parramatta (C),"14,250","18,069","13,245","4,462","2,977",662,615,308,576,"1,538","56,702","2,062",New South Wales
LGA16350 Penrith (C),"15,907","25,999","9,332","2,628","2,989",293,367,258,283,"1,336","59,392","1,985",New South Wales
LGA16370 Pittwater (A),"7,831","7,544","2,193",12,"1,219",66,109,119,254,428,"19,775","3,000",New South Wales
LGA16380 Port Macquarie-Hastings (A),"12,184","7,850","4,401",880,"1,694",182,354,168,505,843,"29,061","1,650",New South Wales
LGA16400 Port Stephens (A),"9,020","7,493","3,678",841,"1,150",147,688,116,244,600,"23,977","1,733",New South Wales
LGA16470 Queanbeyan (C),"3,600","5,595","2,399",683,865,86,433,67,78,304,"14,110","2,000",New South Wales
LGA16550 Randwick (C),"13,140","11,609","13,742","3,092","3,531",309,409,277,295,"1,159","47,563","2,600",New South Wales
LGA16610 Richmond Valley (A),"3,233","2,470","1,151",272,638,113,166,90,71,255,"8,459","1,300",New South Wales
LGA16650 Rockdale (C),"11,874","10,511","7,633",772,"1,824",161,229,194,190,"1,021","34,409","2,167",New South Wales
LGA16700 Ryde (C),"12,134","11,560","8,521","1,448","2,034",362,281,179,334,823,"37,676","2,317",New South Wales
LGA16900 Shellharbour (C),"7,547","8,319","2,799","1,674","1,112",83,138,90,147,528,"22,437","1,900",New South Wales
LGA16950 Shoalhaven (C),"15,584","10,031","4,540","1,281","2,030",293,617,209,326,"1,021","35,932","1,517",New South Wales
LGA17000 Singleton (A),"2,383","3,079","1,183",370,312,13,182,59,43,132,"7,756","2,000",New South Wales
LGA17050 Snowy River (A),886,753,296,11,192,0,69,34,20,102,"2,363","1,517",New South Wales
LGA17100 Strathfield (A),"3,256","3,553","2,913",457,555,93,71,63,78,339,"11,378","2,200",New South Wales
LGA17150 Sutherland Shire (A),"28,286","29,377","10,089","1,779","2,726",383,477,229,530,"1,474","75,350","2,400",New South Wales
LGA17200 Sydney (C),"10,294","17,012","28,826","6,459","6,720",766,566,456,410,"1,663","73,172","2,537",New South Wales
LGA17310 Tamworth Regional (A),"7,375","6,788","3,339",830,"1,343",105,340,181,168,672,"21,141","1,430",New South Wales
LGA17350 Temora (A),"1,082",601,166,57,175,44,35,34,25,72,"2,291","1,083",New South Wales
LGA17400 Tenterfield (A),"1,260",690,221,61,208,41,62,35,35,71,"2,684","1,083",New South Wales
LGA17420 The Hills Shire (A),"19,188","24,717","5,602",362,"1,634",162,364,190,346,731,"53,296","2,578",New South Wales
LGA17450 Tumbarumba (A),578,328,96,16,139,5,42,25,11,50,"1,290","1,083",New South Wales
LGA17500 Tumut Shire (A),"1,668","1,231",490,197,271,17,111,55,26,135,"4,201","1,300",New South Wales
LGA17550 Tweed (A),"13,401","9,406","4,939",913,"2,751",180,494,239,332,"1,004","33,659","1,733",New South Wales
LGA17620 Upper Hunter Shire (A),"1,849","1,618",527,143,444,49,264,126,60,164,"5,244","1,600",New South Wales
LGA17640 Upper Lachlan Shire (A),"1,384",825,120,16,215,23,59,52,38,66,"2,798","1,460",New South Wales
LGA17650 Uralla (A),951,732,168,16,174,0,67,25,19,51,"2,203","1,235",New South Wales
LGA17700 Urana (A),222,114,4,8,42,4,14,11,6,19,444,500,New South Wales
LGA17750 Wagga Wagga (C),"6,485","7,434","3,732","1,175","1,346",104,526,141,187,584,"21,714","1,538",New South Wales
LGA17800 Wakool (A),700,361,89,5,162,3,77,35,23,57,"1,512",953,New South Wales
LGA17850 Walcha (A),559,272,57,36,111,5,60,49,23,44,"1,216",867,New South Wales
LGA17900 Walgett (A),"1,019",346,77,170,190,127,240,102,71,146,"2,488",810,New South Wales
LGA17950 Warren (A),464,227,27,53,131,25,83,40,14,37,"1,101",867,New South Wales
LGA18000 Warringah (A),"16,924","18,796","8,366",897,"2,905",409,289,267,694,"1,088","50,635","2,600",New South Wales
LGA18020 Warrumbungle Shire (A),"1,749",829,197,91,388,27,132,76,49,125,"3,663",870,New South Wales
LGA18050 Waverley (A),"6,466","5,943","8,226",446,"2,507",110,130,202,135,705,"24,870","3,000",New South Wales
LGA18100 Weddin (A),771,348,74,22,141,28,27,24,14,53,"1,502",867,New South Wales
LGA18150 Wellington (A),"1,256",815,334,120,224,68,78,50,23,94,"3,062","1,200",New South Wales
LGA18200 Wentworth (A),917,800,201,37,182,74,104,29,24,96,"2,464","1,200",New South Wales
LGA18250 Willoughby (C),"8,355","7,242","6,292",395,"1,445",100,128,130,223,391,"24,701","2,817",New South Wales
LGA18350 Wingecarribee (A),"6,946","5,653","1,930",385,788,158,179,125,149,379,"16,692","1,868",New South Wales
LGA18400 Wollondilly (A),"4,298","6,917","1,231",131,582,88,152,92,108,352,"13,951","2,167",New South Wales
LGA18450 Wollongong (C),"25,413","22,346","10,572","5,796","3,881",361,521,348,590,"1,936","71,764","1,950",New South Wales
LGA18500 Woollahra (A),"7,211","4,762","5,597",78,"1,782",61,98,162,186,527,"20,464","3,250",New South Wales
LGA18550 Wyong (A),"18,953","19,059","9,554","1,749","3,218",320,635,312,518,"1,591","55,909","1,733",New South Wales
LGA18710 Yass Valley (A),"1,799","2,241",355,70,382,40,97,44,48,103,"5,179","2,000",New South Wales
LGA18750 Young (A),"1,803","1,314",690,121,296,27,71,58,51,141,"4,572","1,250",New South Wales
LGA20110 Alpine (S),"2,159","1,354",465,85,409,10,53,56,38,110,"4,739","1,300",Victoria
LGA20260 Ararat (RC),"1,973","1,251",402,145,277,13,56,50,36,129,"4,332","1,040",Victoria
LGA20570 Ballarat (C),"11,848","12,195","6,231","1,599","1,954",272,280,168,253,945,"35,745","1,300",Victoria
LGA20660 Banyule (C),"16,998","15,060","6,088","1,712","1,875",252,312,170,266,965,"43,698","1,900",Victoria
LGA20740 Bass Coast (S),"5,086","3,295","1,721",236,791,49,154,104,81,342,"11,859","1,300",Victoria
LGA20830 Baw Baw (S),"6,259","5,949","1,621",369,930,44,169,120,109,412,"15,982","1,387",Victoria
LGA20910 Bayside (C),"14,026","10,985","4,548",880,"1,503",100,98,169,248,714,"33,271","2,422",Victoria
LGA21010 Benalla (RC),"2,288","1,705",708,267,285,7,26,45,66,144,"5,541","1,200",Victoria
LGA21110 Boroondara (C),"23,001","16,706","11,575",542,"3,145",307,208,328,339,"1,082","57,233","2,400",Victoria
LGA21180 Brimbank (C),"21,436","20,957","7,665","1,262","3,426",176,715,344,347,"2,445","58,773","1,600",Victoria
LGA21270 Buloke (S),"1,458",593,74,57,200,11,68,38,31,85,"2,615",717,Victoria
LGA21370 Campaspe (S),"5,383","4,522","1,522",582,818,92,213,141,117,408,"13,798","1,300",Victoria
LGA21450 Cardinia (S),"6,602","12,506","3,372",282,"1,123",46,189,134,288,496,"25,038","1,733",Victoria
LGA21610 Casey (C),"19,398","42,712","10,051","1,557","3,338",134,392,296,566,"2,027","80,471","1,733",Victoria
LGA21670 Central Goldfields (S),"2,448","1,448",473,180,333,40,45,28,38,216,"5,249",867,Victoria
LGA21750 Colac-Otway (S),"3,284","2,508",702,248,559,53,118,60,76,249,"7,857","1,252",Victoria
LGA21830 Corangamite (S),"2,796","1,787",379,133,530,10,191,113,71,186,"6,196","1,062",Victoria
LGA21890 Darebin (C),"17,168","14,393","11,842","2,326","3,108",218,340,293,281,"1,655","51,624","1,900",Victoria
LGA22110 East Gippsland (S),"7,631","4,684","1,689",565,"1,073",141,286,168,126,496,"16,859","1,296",Victoria
LGA22170 Frankston (C),"12,913","19,614","8,354","1,308","2,517",205,413,229,565,"1,284","47,402","1,647",Victoria
LGA22250 Gannawarra (S),"1,993","1,049",351,113,300,9,90,66,36,157,"4,164",975,Victoria
LGA22310 Glen Eira (C),"17,323","15,354","11,342",441,"3,177",222,179,266,340,"1,251","49,895","2,158",Victoria
LGA22410 Glenelg (S),"3,176","2,575",738,255,526,27,92,66,38,220,"7,713","1,146",Victoria
LGA22490 Golden Plains (S),"2,362","3,212",206,4,250,3,56,32,36,138,"6,299","1,500",Victoria
LGA22620 Greater Bendigo (C),"13,254","13,574","5,319","1,549","2,443",281,359,192,211,"1,036","38,218","1,300",Victoria
LGA22670 Greater Dandenong (C),"14,851","13,455","9,164","1,759","2,726",173,763,226,400,"1,972","45,489","1,517",Victoria
LGA22750 Greater Geelong (C),"29,186","27,710","11,548","2,786","4,713",670,737,427,653,"2,098","80,528","1,517",Victoria
LGA22830 Greater Shepparton (C),"7,142","7,542","3,100","1,024","1,322",180,409,177,230,687,"21,813","1,300",Victoria
LGA22910 Hepburn (S),"2,535","1,958",407,111,418,31,55,51,52,147,"5,765","1,231",Victoria
LGA22980 Hindmarsh (S),"1,254",572,141,28,154,16,38,44,21,75,"2,343",780,Victoria
LGA23110 Hobsons Bay (C),"11,313","10,152","5,598",871,"1,653",112,269,158,134,880,"31,140","1,800",Victoria
LGA23190 Horsham (RC),"2,938","2,477","1,087",311,401,38,53,66,47,216,"7,634","1,170",Victoria
LGA23270 Hume (C),"15,076","24,659","5,874","1,570","2,389",131,485,213,278,"1,569","52,244","1,712",Victoria
LGA23350 Indigo (S),"2,281","2,145",458,94,355,26,50,53,37,116,"5,615","1,387",Victoria
LGA23430 Kingston (C),"19,324","19,648","8,418",960,"2,473",163,354,239,396,"1,470","53,445","1,950",Victoria
LGA23670 Knox (C),"17,837","23,352","5,651",949,"1,960",150,176,176,708,"1,095","52,054","1,733",Victoria
LGA23810 Latrobe (C),"10,017","9,741","3,854","1,444","1,275",207,197,158,186,870,"27,949","1,200",Victoria
LGA23940 Loddon (S),"1,650",728,63,50,258,10,68,58,44,106,"3,035",739,Victoria
LGA24130 Macedon Ranges (S),"5,335","6,665","1,038",178,687,68,111,82,73,283,"14,520","1,733",Victoria
LGA24210 Manningham (C),"18,708","12,598","4,270",144,"1,355",71,101,141,387,846,"38,621","2,000",Victoria
LGA24250 Mansfield (S),"1,262",961,240,63,202,0,70,40,34,112,"2,984","1,207",Victoria
LGA24330 Maribyrnong (C),"6,516","8,524","6,380","1,518","1,930",212,283,151,146,789,"26,449","2,000",Victoria
LGA24410 Maroondah (C),"12,966","15,866","5,446",879,"1,763",207,108,142,223,787,"38,387","1,733",Victoria
LGA24600 Melbourne (C),"6,296","7,609","17,690","2,250","3,813",564,454,311,183,805,"39,975","2,167",Victoria
LGA24650 Melton (S),"7,657","19,230","4,698",350,"1,462",101,215,116,280,867,"34,976","1,733",Victoria
LGA24780 Mildura (RC),"6,289","6,384","2,940",840,"1,230",151,360,188,153,714,"19,249","1,263",Victoria
LGA24850 Mitchell (S),"3,558","5,295","1,165",366,592,22,363,64,77,314,"11,816","1,600",Victoria
LGA24900 Moira (S),"4,388","3,422","1,082",325,719,36,217,131,98,330,"10,748","1,200",Victoria
LGA24970 Monash (C),"24,785","17,413","10,165","1,088","3,203",180,250,301,532,"1,459","59,376","2,000",Victoria
LGA25060 Moonee Valley (C),"15,342","11,818","7,456","1,990","2,082",155,134,198,205,"1,178","40,558","2,000",Victoria
LGA25150 Moorabool (S),"3,448","4,575",851,249,445,30,100,65,67,247,"10,077","1,517",Victoria
LGA25250 Moreland (C),"18,997","16,091","12,725","1,458","3,627",172,334,434,296,"1,711","55,845","1,950",Victoria
LGA25340 Mornington Peninsula (S),"20,974","19,785","6,725","1,022","2,573",74,484,314,613,"1,588","54,152","1,733",Victoria
LGA25430 Mount Alexander (S),"3,230","2,316",548,158,467,24,44,52,49,211,"7,099","1,213",Victoria
LGA25490 Moyne (S),"2,506","1,891",327,65,482,20,165,126,67,155,"5,804","1,300",Victoria
LGA25620 Murrindindi (S),"2,266","1,761",292,85,311,11,102,41,35,129,"5,033","1,387",Victoria
LGA25710 Nillumbik (S),"7,427","9,688","1,060",112,526,57,54,72,91,274,"19,361","1,950",Victoria
LGA25810 Northern Grampians (S),"2,139","1,422",423,150,289,38,79,48,32,151,"4,771",910,Victoria
LGA25900 Port Phillip (C),"8,320","10,203","16,345","1,970","3,536",214,159,280,181,861,"42,069","2,200",Victoria
LGA25990 Pyrenees (S),"1,406",774,54,16,246,3,45,35,25,81,"2,685",999,Victoria
LGA26080 Queenscliffe (B),674,230,122,13,78,14,38,15,3,30,"1,217","1,500",Victoria
LGA26170 South Gippsland (S),"4,591","3,531",797,159,651,53,143,132,109,288,"10,454","1,300",Victoria
LGA26260 Southern Grampians (S),"3,005","1,810",472,193,518,56,145,79,68,191,"6,537","1,083",Victoria
LGA26350 Stonnington (C),"11,869","9,118","12,401","1,074","2,864",218,175,256,273,855,"39,103","2,474",Victoria
LGA26430 Strathbogie (S),"1,817","1,099",305,59,224,16,72,62,39,157,"3,850","1,103",Victoria
LGA26490 Surf Coast (S),"3,419","3,384","1,112",58,674,26,65,70,59,190,"9,057","1,800",Victoria
LGA26610 Swan Hill (RC),"2,757","2,210",877,390,536,74,264,98,53,305,"7,564","1,192",Victoria
LGA26670 Towong (S),"1,069",690,130,26,224,3,49,37,19,78,"2,325","1,083",Victoria
LGA26700 Wangaratta (RC),"4,252","3,609","1,020",429,653,80,109,89,95,299,"10,635","1,300",Victoria
LGA26730 Warrnambool (C),"4,220","3,676","1,967",680,791,64,95,73,131,317,"12,014","1,495",Victoria
LGA26810 Wellington (S),"6,185","5,300","1,745",470,812,79,335,149,148,441,"15,664","1,213",Victoria
LGA26890 West Wimmera (S),961,396,34,17,133,15,68,55,31,48,"1,758",724,Victoria
LGA26980 Whitehorse (C),"22,196","17,927","8,289","1,119","3,032",347,282,300,646,"1,335","55,473","1,960",Victoria
LGA27070 Whittlesea (C),"16,547","22,132","6,674",679,"1,911",100,329,198,283,"1,370","50,223","1,875",Victoria
LGA27170 Wodonga (RC),"3,449","4,769","2,514",995,681,56,309,74,66,307,"13,220","1,473",Victoria
LGA27260 Wyndham (C),"11,423","26,679","9,737",623,"2,289",131,360,164,309,"1,084","52,799","1,800",Victoria
LGA27350 Yarra (C),"6,565","7,376","9,352","3,343","2,825",244,139,193,199,724,"30,960","2,263",Victoria
LGA27450 Yarra Ranges (S),"17,312","24,502","4,117",468,"2,157",183,271,225,416,"1,029","50,680","1,647",Victoria
LGA27630 Yarriambiack (S),"1,570",664,151,39,180,22,53,46,29,98,"2,852",650,Victoria
LGA30250 Aurukun (S),3,0,0,61,0,108,45,3,0,3,223,0,Queensland
LGA30300 Balonne (S),535,395,162,86,113,20,165,58,30,58,"1,622","1,200",Queensland
LGA30370 Banana (S),"1,724","1,461",491,249,447,27,400,108,77,177,"5,161","1,625",Queensland
LGA30410 Barcaldine (R),512,249,32,61,89,8,152,36,19,42,"1,200",867,Queensland
LGA30450 Barcoo (S),53,14,0,14,3,3,28,9,4,3,131,453,Queensland
LGA30760 Blackall Tambo (R),353,189,27,42,72,22,66,36,19,39,865,953,Queensland
LGA30900 Boulia (S),42,12,0,16,8,14,37,17,11,9,166,500,Queensland
LGA31000 Brisbane (C),"105,533","128,587","80,433","14,816","31,905","2,207","4,461","1,930","2,897","8,006","380,775","2,100",Queensland
LGA31750 Bulloo (S),43,20,0,15,4,3,26,4,0,5,120,934,Queensland
LGA31820 Bundaberg (R),"12,829","10,072","4,755","1,077","2,718",149,659,297,504,972,"34,032","1,365",Queensland
LGA31900 Burdekin (S),"2,665","1,769",858,138,436,59,240,92,43,191,"6,491","1,300",Queensland
LGA31950 Burke (S),31,8,0,13,3,8,29,8,7,11,118,884,Queensland
LGA32070 Cairns (R),"13,262","19,278","13,173","2,526","5,132",349,"1,096",437,390,"1,486","57,129","1,733",Queensland
LGA32250 Carpentaria (S),163,82,4,81,74,46,105,26,8,54,643,953,Queensland
LGA32260 Cassowary Coast (R),"3,882","2,699","1,392",294,"1,017",102,354,139,66,367,"10,312","1,315",Queensland
LGA32270 Central Highlands (R),"1,994","2,630","1,124",308,626,26,"1,692",212,143,213,"8,968","2,000",Queensland
LGA32310 Charters Towers (R),"1,536","1,246",488,116,298,50,175,84,43,171,"4,207","1,350",Queensland
LGA32330 Cherbourg (S),0,0,0,0,0,246,0,0,0,0,246,0,Queensland
LGA32450 Cloncurry (S),200,152,75,82,71,51,171,36,20,52,910,"1,500",Queensland
LGA32500 Cook (S),432,267,123,99,126,49,105,48,25,59,"1,333","1,047",Queensland
LGA32600 Croydon (S),33,9,0,5,4,3,23,8,4,13,102,844,Queensland
LGA32750 Diamantina (S),17,6,0,18,4,11,36,5,0,5,102,780,Queensland
LGA32770 Doomadgee (S),0,21,0,118,4,31,29,3,7,0,213,303,Queensland
LGA33100 Etheridge (S),165,53,0,9,23,3,45,10,10,25,343,650,Queensland
LGA33200 Flinders (S),264,149,23,25,69,7,60,35,11,20,663,670,Queensland
LGA33220 Fraser Coast (R),"14,305","10,114","6,172","1,084","2,619",179,507,271,495,"1,003","36,749","1,387",Queensland
LGA33360 Gladstone (R),"5,205","7,753","3,207",745,"1,174",112,495,159,79,477,"19,406","2,000",Queensland
LGA33430 Gold Coast (C),"47,795","62,791","40,640","3,720","16,484",719,"2,340","1,182","1,555","4,392","181,618","2,080",Queensland
LGA33610 Goondiwindi (R),"1,256","1,036",432,136,407,8,272,91,63,135,"3,836","1,300",Queensland
LGA33620 Gympie (R),"6,718","5,497","2,243",366,"1,491",60,287,177,116,497,"17,452","1,343",Queensland
LGA33800 Hinchinbrook (S),"2,158",954,488,116,355,37,109,70,44,155,"4,486","1,192",Queensland
LGA33830 Hope Vale (S),6,0,0,189,0,17,14,0,3,0,229,0,Queensland
LGA33960 Ipswich (C),"12,979","21,083","12,906","2,295","3,649",363,"1,240",298,247,"1,268","56,328","1,733",Queensland
LGA33980 Isaac (R),"1,390",972,556,175,329,27,"2,793",161,101,147,"6,651","1,950",Queensland
LGA34420 Kowanyama (S),0,0,0,19,0,174,37,0,0,0,230,0,Queensland
LGA34570 Lockhart River (S),0,0,0,8,0,78,18,3,3,0,110,0,Queensland
LGA34580 Lockyer Valley (R),"3,856","4,513","1,696",149,822,47,214,96,69,438,"11,900","1,517",Queensland
LGA34590 Logan (C),"20,960","39,076","16,883","4,130","5,972",292,945,425,458,"2,156","91,297","1,800",Queensland
LGA34710 Longreach (R),458,397,169,96,111,22,164,40,15,54,"1,526","1,465",Queensland
LGA34770 Mackay (R),"11,472","14,374","5,474","1,391","3,279",245,667,306,371,982,"38,561","2,163",Queensland
LGA34800 McKinlay (S),130,46,3,11,20,0,43,20,13,14,300,975,Queensland
LGA34830 Mapoon (S),3,0,0,3,3,48,8,3,3,3,74,0,Queensland
LGA34860 Maranoa (R),"1,522","1,280",418,214,370,23,307,130,59,123,"4,446","1,400",Queensland
LGA35010 Moreton Bay (R),"36,935","52,756","24,416","4,144","7,712",483,"1,513",640,"1,323","2,684","132,606","1,928",Queensland
LGA35250 Mornington (S),0,3,0,173,0,14,42,5,8,4,249,0,Queensland
LGA35300 Mount Isa (C),"1,166","2,162",935,575,643,25,550,74,32,238,"6,400","2,000",Queensland
LGA35600 Murweh (S),580,461,165,78,122,15,131,33,15,54,"1,654","1,083",Queensland
LGA35670 Napranum (S),0,0,0,166,3,6,5,4,0,0,184,0,Queensland
LGA35760 North Burnett (R),"1,723",924,233,103,380,41,240,82,51,207,"3,984","1,000",Queensland
LGA35780 Northern Peninsula Area (R),12,3,0,167,4,274,76,8,5,13,562,0,Queensland
LGA35790 Palm Island (S),17,0,0,236,4,94,21,6,4,7,389,0,Queensland
LGA35800 Paroo (S),300,117,12,72,77,7,65,19,9,31,709,520,Queensland
LGA36070 Pormpuraaw (S),0,0,0,96,0,46,18,0,0,0,160,0,Queensland
LGA36150 Quilpie (S),141,76,5,24,41,6,43,27,11,7,381,650,Queensland
LGA36250 Redland (C),"15,598","19,917","6,826","1,470","2,896",325,302,203,650,984,"49,171","2,000",Queensland
LGA36300 Richmond (S),108,66,0,13,29,0,48,21,9,21,315,708,Queensland
LGA36360 Rockhampton (R),"12,176","13,021","6,360","1,421","2,935",368,509,333,353,"1,061","38,537","1,690",Queensland
LGA36510 Scenic Rim (R),"4,780","4,864","1,515",139,"1,049",47,262,194,119,309,"13,278","1,733",Queensland
LGA36580 Somerset (R),"2,851","2,909",853,23,623,16,201,72,70,200,"7,818","1,500",Queensland
LGA36630 South Burnett (R),"4,606","3,567","1,820",242,775,48,202,137,78,383,"11,858","1,200",Queensland
LGA36660 Southern Downs (R),"5,059","3,737","1,886",195,"1,070",62,250,145,121,337,"12,862","1,300",Queensland
LGA36710 Sunshine Coast (R),"39,461","38,379","20,567","2,595","8,906",354,"1,257",668,"1,888","2,636","116,711","1,863",Queensland
LGA36810 Tablelands (R),"6,668","4,335","1,475",542,"1,624",136,465,308,143,538,"16,234","1,426",Queensland
LGA36910 Toowoomba (R),"18,238","18,315","9,671","1,430","4,083",316,864,401,590,"1,276","55,184","1,517",Queensland
LGA36950 Torres (S),65,48,4,267,50,39,243,29,18,52,815,"1,733",Queensland
LGA36960 Torres Strait Island (R),50,0,0,540,4,239,65,8,9,28,943,0,Queensland
LGA37010 Townsville (C),"14,134","22,082","12,801","2,913","4,525",266,"1,914",333,526,"1,473","60,967","1,857",Queensland
LGA37300 Weipa (T),70,311,146,17,46,3,363,20,0,24,"1,000","2,000",Queensland
LGA37310 Western Downs (R),"3,936","3,176","1,309",233,965,90,502,278,142,321,"10,952","1,300",Queensland
LGA37340 Whitsunday (R),"3,201","3,281","1,952",343,956,137,430,138,69,341,"10,848","1,769",Queensland
LGA37400 Winton (S),233,112,9,45,50,3,40,18,6,31,547,921,Queensland
LGA37550 Woorabinda (S),0,3,0,164,4,21,23,3,3,4,225,0,Queensland
LGA37570 Wujal Wujal (S),0,0,0,63,0,0,7,0,0,0,70,0,Queensland
LGA37600 Yarrabah (S),35,0,3,286,4,53,14,11,13,3,422,0,Queensland
LGA40070 Adelaide (C),"1,641","1,395","2,542",505,"1,224",311,198,77,77,208,"8,178","1,863",South Australia
LGA40120 Adelaide Hills (DC),"5,307","6,299",646,60,703,60,86,72,144,234,"13,611","1,711",South Australia
LGA40220 Alexandrina (DC),"3,827","3,253",909,164,700,78,101,64,212,196,"9,504","1,366",South Australia
LGA40250 Anangu Pitjantjatjara (AC),40,0,0,177,4,146,97,8,40,15,527,0,South Australia
LGA40310 Barossa (DC),"3,099","3,422",742,130,507,113,105,57,152,181,"8,508","1,458",South Australia
LGA40430 Barunga West (DC),575,208,72,4,90,3,14,10,28,24,"1,028",867,South Australia
LGA40520 Berri and Barmera (DC),"1,396","1,284",514,311,311,33,103,40,43,136,"4,171","1,083",South Australia
LGA40700 Burnside (C),"7,232","5,038","1,958",157,"1,264",71,57,93,352,375,"16,597","2,000",South Australia
LGA40910 Campbelltown (C),"7,379","5,655","1,985",799,"1,560",222,155,107,305,544,"18,711","1,600",South Australia
LGA41010 Ceduna (DC),407,314,97,139,118,52,64,21,19,42,"1,273","1,213",South Australia
LGA41060 Charles Sturt (C),"15,120","12,344","4,450","3,813","3,843",460,419,248,493,"1,267","42,457","1,690",South Australia
LGA41140 Clare and Gilbert Valleys (DC),"1,351","1,135",294,111,257,35,79,43,23,72,"3,400","1,200",South Australia
LGA41190 Cleve (DC),307,193,9,24,77,5,30,15,10,18,688,746,South Australia
LGA41330 Coober Pedy (DC),269,127,73,43,66,6,52,12,13,48,709,563,South Australia
LGA41560 Copper Coast (DC),"2,329","1,447",573,251,390,57,70,29,72,138,"5,356","1,083",South Australia
LGA41750 Elliston (DC),218,90,3,16,57,0,15,13,7,7,426,"1,044",South Australia
LGA41830 Flinders Ranges (DC),273,238,23,37,40,4,27,11,4,29,686,"1,000",South Australia
LGA41960 Franklin Harbour (DC),236,116,22,5,49,5,17,9,7,13,479,"1,120",South Australia
LGA42030 Gawler (T),"2,510","3,101",959,447,586,74,125,44,146,184,"8,176","1,408",South Australia
LGA42110 Goyder (DC),781,510,60,21,165,21,33,36,14,40,"1,681",758,South Australia
LGA42250 Grant (DC),"1,110","1,143",112,0,160,0,59,40,34,58,"2,716","1,300",South Australia
LGA42600 Holdfast Bay (C),"5,427","4,030","2,451",289,"1,428",228,91,104,320,467,"14,835","1,850",South Australia
LGA42750 Kangaroo Island (DC),731,538,143,41,180,15,51,27,18,38,"1,782","1,083",South Australia
LGA43080 Karoonda East Murray (DC),201,102,4,3,40,3,20,16,7,16,412,802,South Australia
LGA43220 Kimba (DC),218,84,0,12,46,3,15,12,14,7,411,575,South Australia
LGA43360 Kingston (DC),408,219,72,18,85,11,52,14,16,31,926,"1,062",South Australia
LGA43650 Light (RegC),"1,560","2,432",255,45,275,15,92,28,22,65,"4,789","1,430",South Australia
LGA43710 Lower Eyre Peninsula (DC),719,650,49,10,176,5,46,36,18,27,"1,736","1,200",South Australia
LGA43790 Loxton Waikerie (DC),"1,766","1,368",281,181,417,61,140,63,69,126,"4,472","1,083",South Australia
LGA43920 Mallala (DC),883,"1,589",89,7,207,11,31,25,22,55,"2,919","1,374",South Australia
LGA44000 Maralinga Tjarutja (AC),0,0,0,0,0,13,0,6,0,4,23,0,South Australia
LGA44060 Marion (C),"10,510","12,209","3,328","3,192","2,570",425,218,158,379,847,"33,836","1,600",South Australia
LGA44210 Mid Murray (DC),"1,526","1,015",174,88,244,6,56,44,36,98,"3,287","1,083",South Australia
LGA44340 Mitcham (C),"9,376","9,041","1,893",260,"1,740",204,122,115,515,495,"23,761","1,733",South Australia
LGA44550 Mount Barker (DC),"3,066","4,992","1,115",349,749,102,120,51,149,204,"10,897","1,607",South Australia
LGA44620 Mount Gambier (C),"2,815","3,524","1,576","1,054",523,97,138,44,209,238,"10,218","1,257",South Australia
LGA44830 Mount Remarkable (DC),614,293,30,8,105,3,17,26,20,37,"1,153",921,South Australia
LGA45040 Murray Bridge (RC),"2,374","2,236","1,137",644,488,69,128,54,138,240,"7,508","1,200",South Australia
LGA45090 Naracoorte and Lucindale (DC),"1,188","1,020",266,103,247,20,110,35,42,91,"3,122","1,083",South Australia
LGA45120 Northern Areas (DC),856,580,46,42,191,3,39,20,24,40,"1,841",900,South Australia
LGA45290 Norwood Payneham St Peters (C),"4,788","3,881","2,544",806,"1,758",249,123,90,389,375,"15,003","1,804",South Australia
LGA45340 Onkaparinga (C),"17,537","26,843","5,686","3,123","3,872",569,414,224,"1,009","1,246","60,523","1,473",South Australia
LGA45400 Orroroo/Carrieton (DC),216,70,0,5,27,0,9,5,7,15,354,867,South Australia
LGA45540 Peterborough (DC),379,231,35,25,62,0,12,3,3,29,779,563,South Australia
LGA45680 Playford (C),"6,041","11,537","4,258","3,482","1,811",296,462,149,135,834,"29,005","1,300",South Australia
LGA45890 Port Adelaide Enfield (C),"12,140","14,306","5,331","5,420","3,952",765,621,264,466,"1,388","44,653","1,599",South Australia
LGA46090 Port Augusta (C),"1,527","1,555",623,727,241,42,118,39,21,140,"5,033","1,200",South Australia
LGA46300 Port Lincoln (C),"1,580","1,714",713,597,506,34,101,38,48,191,"5,522","1,305",South Australia
LGA46450 Port Pirie City and Dists (M),"2,456","2,203",845,743,341,37,106,50,33,197,"7,011","1,000",South Australia
LGA46510 Prospect (C),"2,453","2,637","1,151",256,837,97,80,40,71,200,"7,822","1,777",South Australia
LGA46670 Renmark Paringa (DC),"1,202","1,152",366,166,322,63,105,43,38,129,"3,586","1,083",South Australia
LGA46860 Robe (DC),227,147,55,12,56,0,14,14,6,10,541,"1,404",South Australia
LGA46970 Roxby Downs (M),82,342,302,24,60,0,475,16,6,14,"1,321","2,323",South Australia
LGA47140 Salisbury (C),"12,550","20,155","4,991","3,321","3,373",484,585,180,480,"1,247","47,366","1,408",South Australia
LGA47290 Southern Mallee (DC),401,206,3,20,88,3,49,21,20,20,831,780,South Australia
LGA47490 Streaky Bay (DC),374,179,22,26,81,0,31,16,8,19,756,"1,116",South Australia
LGA47630 Tatiara (DC),945,818,192,47,182,16,113,44,67,46,"2,470","1,009",South Australia
LGA47700 Tea Tree Gully (C),"12,278","15,852","2,573","1,330","1,963",204,234,145,734,650,"35,963","1,517",South Australia
LGA47800 The Coorong (DC),893,602,86,50,174,22,138,39,43,71,"2,118",874,South Australia
LGA47910 Tumby Bay (DC),494,251,49,13,137,16,23,25,3,38,"1,049","1,257",South Australia
LGA47980 Unley (C),"4,972","4,575","2,158",386,"1,599",178,111,79,290,287,"14,635","1,950",South Australia
LGA48050 Victor Harbor (C),"2,691","1,413",661,64,410,68,71,31,197,137,"5,743","1,235",South Australia
LGA48130 Wakefield (DC),"1,021",864,113,29,276,39,75,42,32,73,"2,564",997,South Australia
LGA48260 Walkerville (M),"1,180",707,264,160,220,27,14,25,43,99,"2,739","1,950",South Australia
LGA48340 Wattle Range (DC),"1,788","1,635",377,210,267,26,95,46,31,129,"4,604",975,South Australia
LGA48410 West Torrens (C),"7,379","6,426","3,290","1,242","2,806",370,290,167,393,652,"23,015","1,690",South Australia
LGA48540 Whyalla (C),"2,154","3,037","1,007","1,890",351,23,169,49,22,236,"8,938","1,300",South Australia
LGA48640 Wudinna (DC),234,99,3,23,68,0,21,12,10,14,484,758,South Australia
LGA48750 Yankalilla (DC),786,612,154,11,163,9,40,22,19,50,"1,866","1,188",South Australia
LGA48830 Yorke Peninsula (DC),"2,504",981,173,120,454,50,90,70,61,116,"4,619",997,South Australia
LGA50080 Albany (C),"4,403","3,793","1,608",669,"1,091",164,205,115,145,330,"12,523","1,560",Western Australia
LGA50210 Armadale (C),"5,684","10,504","2,365",709,"1,623",107,210,99,201,465,"21,967","1,850",Western Australia
LGA50250 Ashburton (S),165,67,54,88,33,61,"1,343",46,20,60,"1,937",954,Western Australia
LGA50280 Augusta-Margaret River (S),"1,302","1,379",576,82,516,29,119,68,48,92,"4,211","1,733",Western Australia
LGA50350 Bassendean (T),"1,745","2,170",637,342,528,25,34,37,51,144,"5,713","1,842",Western Australia
LGA50420 Bayswater (C),"7,462","8,130","3,758",897,"2,723",152,286,158,193,585,"24,344","1,950",Western Australia
LGA50490 Belmont (C),"3,536","4,251","2,422","1,187","1,453",52,172,106,92,422,"13,693","2,000",Western Australia
LGA50560 Beverley (S),347,181,5,26,53,0,10,16,5,16,659,"1,300",Western Australia
LGA50630 Boddington (S),168,197,40,17,70,3,53,7,3,19,577,"2,043",Western Australia
LGA50770 Boyup Brook (S),302,171,21,14,50,0,19,18,4,15,614,"1,122",Western Australia
LGA50840 Bridgetown-Greenbushes (S),693,600,134,45,135,10,36,15,21,35,"1,724","1,500",Western Australia
LGA50910 Brookton (S),154,69,6,22,31,10,13,12,5,16,338,"1,200",Western Australia
LGA50980 Broome (S),738,984,637,943,320,132,540,61,59,172,"4,586","2,600",Western Australia
LGA51080 Broomehill-Tambellup (S),195,87,0,25,34,4,26,17,4,6,398,900,Western Australia
LGA51120 Bruce Rock (S),216,61,0,19,41,13,25,4,3,10,392,451,Western Australia
LGA51190 Bunbury (C),"3,444","3,877","2,045",736,"1,336",120,185,74,155,356,"12,328","1,647",Western Australia
LGA51260 Busselton (S),"3,507","3,567","1,668",542,"1,007",41,198,103,137,228,"10,998","1,881",Western Australia
LGA51310 Cambridge (T),"3,542","3,014","1,176",26,726,30,48,47,196,163,"8,968","2,600",Western Australia
LGA51330 Canning (C),"9,598","10,727","4,058","1,149","3,022",98,252,156,317,703,"30,080","1,900",Western Australia
LGA51400 Capel (S),"1,245","2,267",531,144,302,3,38,30,20,73,"4,653","1,993",Western Australia
LGA51470 Carnamah (S),88,66,0,10,12,0,29,6,3,7,221,700,Western Australia
LGA51540 Carnarvon (S),578,434,134,288,144,22,175,36,22,117,"1,950","1,517",Western Australia
LGA51610 Chapman Valley (S),175,146,15,4,30,0,18,14,5,11,418,"1,408",Western Australia
LGA51680 Chittering (S),531,756,44,10,79,0,27,20,16,22,"1,505","2,093",Western Australia
LGA51750 Claremont (T),"1,462",898,602,25,333,17,38,24,111,91,"3,601","2,708",Western Australia
LGA51820 Cockburn (C),"8,632","14,854","3,439","1,214","2,313",130,290,145,173,650,"31,840","2,002",Western Australia
LGA51890 Collie (S),"1,191","1,284",237,175,200,8,53,18,14,97,"3,277","1,586",Western Australia
LGA51960 Coolgardie (S),238,473,238,41,102,30,63,21,3,38,"1,247","1,287",Western Australia
LGA52030 Coorow (S),212,77,23,10,43,3,24,16,3,10,421,"1,524",Western Australia
LGA52100 Corrigin (S),203,97,0,21,60,19,22,4,4,11,441,693,Western Australia
LGA52170 Cottesloe (T),"1,116",696,483,34,333,3,9,24,11,69,"2,778","3,000",Western Australia
LGA52240 Cranbrook (S),178,94,18,11,42,7,37,14,6,7,414,800,Western Australia
LGA52310 Cuballing (S),153,124,9,3,19,0,12,7,4,5,336,"1,000",Western Australia
LGA52380 Cue (S),49,9,0,8,9,0,11,3,3,10,102,217,Western Australia
LGA52450 Cunderdin (S),198,126,15,29,44,7,32,10,10,10,481,949,Western Australia
LGA52520 Dalwallinu (S),225,104,4,17,59,6,37,7,3,10,472,953,Western Australia
LGA52590 Dandaragan (S),473,274,101,28,113,3,62,34,21,29,"1,138","1,500",Western Australia
LGA52660 Dardanup (S),"1,189","1,926",503,31,377,5,28,23,84,120,"4,286","1,900",Western Australia
LGA52730 Denmark (S),875,510,234,82,182,23,41,26,33,31,"2,037","1,359",Western Australia
LGA52800 Derby-West Kimberley (S),181,186,45,399,53,398,255,46,14,81,"1,658","1,842",Western Australia
LGA52870 Donnybrook-Balingup (S),836,742,100,36,145,6,25,19,16,44,"1,969","1,413",Western Australia
LGA52940 Dowerin (S),138,57,0,12,35,9,15,4,3,9,282,700,Western Australia
LGA53010 Dumbleyung (S),134,50,4,13,18,3,15,11,4,6,258,781,Western Australia
LGA53080 Dundas (S),139,65,3,15,40,8,51,17,3,16,357,660,Western Australia
LGA53150 East Fremantle (T),975,935,331,57,202,11,19,12,6,63,"2,611","2,200",Western Australia
LGA53220 East Pilbara (S),115,207,62,136,31,142,879,40,27,50,"1,689",364,Western Australia
LGA53290 Esperance (S),"1,601","1,395",474,245,508,44,226,80,42,117,"4,732","1,517",Western Australia
LGA53360 Exmouth (S),216,222,138,116,56,3,74,11,12,24,872,"2,167",Western Australia
LGA53430 Fremantle (C),"3,445","3,216","1,540","1,071","1,140",54,104,51,96,309,"11,026","2,167",Western Australia
LGA53520 Geraldton-Greenough (C),"3,942","4,448","1,710",823,"1,193",61,343,100,69,364,"13,053","1,647",Western Australia
LGA53570 Gingin (S),727,579,75,26,137,6,64,31,18,35,"1,698","1,603",Western Australia
LGA53640 Gnowangerup (S),205,123,12,25,28,3,50,17,4,9,476,625,Western Australia
LGA53710 Goomalling (S),192,89,5,26,33,3,27,8,4,5,392,"1,000",Western Australia
LGA53780 Gosnells (C),"9,599","17,047","3,624","1,027","2,888",137,341,164,446,830,"36,103","1,800",Western Australia
LGA53920 Halls Creek (S),55,16,0,374,23,77,124,14,19,27,729,175,Western Australia
LGA53990 Harvey (S),"2,422","3,335",861,205,648,18,131,57,45,205,"7,927","1,842",Western Australia
LGA54060 Irwin (S),507,377,160,83,104,10,27,18,11,29,"1,326","1,706",Western Australia
LGA54130 Jerramungup (S),138,99,17,26,39,4,33,18,5,9,388,"1,000",Western Australia
LGA54170 Joondalup (C),"17,873","24,471","5,008",394,"3,667",77,252,168,273,815,"52,998","2,000",Western Australia
LGA54200 Kalamunda (S),"6,720","8,518","1,287",257,"1,252",60,104,82,243,350,"18,873","1,976",Western Australia
LGA54280 Kalgoorlie/Boulder (C),"1,629","4,120","1,718",656,678,70,600,83,42,280,"9,876","1,950",Western Australia
LGA54340 Katanning (S),486,445,170,133,119,23,57,14,9,56,"1,512","1,207",Western Australia
LGA54410 Kellerberrin (S),201,101,4,32,45,10,23,7,5,10,438,737,Western Australia
LGA54480 Kent (S),109,39,0,9,17,0,22,6,4,0,206,758,Western Australia
LGA54550 Kojonup (S),331,160,24,33,88,5,55,22,17,17,752,932,Western Australia
LGA54620 Kondinin (S),132,76,3,20,39,15,33,9,6,7,340,865,Western Australia
LGA54690 Koorda (S),90,34,0,11,19,0,11,5,0,5,175,379,Western Australia
LGA54760 Kulin (S),164,61,4,24,24,6,14,12,7,8,324,607,Western Australia
LGA54830 Kwinana (T),"1,897","4,978","1,352",534,767,29,71,52,57,249,"9,986","1,800",Western Australia
LGA54900 Lake Grace (S),226,100,0,37,60,3,70,18,11,14,539,900,Western Australia
LGA54970 Laverton (S),33,17,4,19,22,68,25,9,0,13,210,953,Western Australia
LGA55040 Leonora (S),47,23,4,39,23,13,171,41,7,19,387,800,Western Australia
LGA55110 Mandurah (C),"8,215","8,448","4,570",774,"2,336",184,253,164,828,683,"26,455","1,950",Western Australia
LGA55180 Manjimup (S),"1,394","1,027",357,146,249,29,91,59,39,89,"3,480","1,300",Western Australia
LGA55250 Meekatharra (S),63,26,0,90,15,24,53,7,8,16,302,442,Western Australia
LGA55320 Melville (C),"14,608","11,579","4,014",833,"2,770",138,211,178,510,737,"35,578","2,167",Western Australia
LGA55390 Menzies (S),18,4,0,3,3,31,13,3,3,3,81,"2,813",Western Australia
LGA55460 Merredin (S),420,367,35,103,131,13,83,12,8,44,"1,216","1,140",Western Australia
LGA55530 Mingenew (S),74,30,5,5,23,0,26,7,3,8,181,332,Western Australia
LGA55600 Moora (S),325,272,40,75,84,10,38,21,7,24,896,900,Western Australia
LGA55670 Morawa (S),113,65,14,14,33,3,34,6,7,9,298,900,Western Australia
LGA55740 Mosman Park (T),"1,094",883,681,201,318,22,23,16,37,82,"3,357","2,600",Western Australia
LGA55810 Mount Magnet (S),63,18,10,38,28,3,24,3,0,10,197,650,Western Australia
LGA55880 Mount Marshall (S),92,35,0,9,19,4,14,4,8,3,188,930,Western Australia
LGA55950 Mukinbudin (S),96,45,0,15,17,3,18,8,5,0,207,500,Western Australia
LGA56020 Mullewa (S),98,40,0,18,14,9,32,9,5,6,231,600,Western Australia
LGA56090 Mundaring (S),"4,622","5,729",659,147,689,36,57,52,73,326,"12,390","1,842",Western Australia
LGA56160 Murchison (S),5,4,0,5,4,0,10,6,0,0,34,"6,100",Western Australia
LGA56230 Murray (S),"1,845","1,910",428,89,383,19,126,48,165,163,"5,176","1,950",Western Australia
LGA56300 Nannup (S),240,129,19,17,46,0,38,14,8,8,519,"1,600",Western Australia
LGA56370 Narembeen (S),153,59,3,17,38,3,28,9,8,5,323,650,Western Australia
LGA56450 Narrogin (S),129,90,11,0,25,0,17,6,3,6,287,"1,001",Western Australia
LGA56520 Narrogin (T),486,475,147,181,97,27,50,18,15,42,"1,538","1,200",Western Australia
LGA56580 Nedlands (C),"3,071","2,000",817,144,500,29,143,46,141,132,"7,023","3,000",Western Australia
LGA56620 Ngaanyatjarraku (S),6,0,0,205,0,59,50,3,11,13,347,0,Western Australia
LGA56730 Northam (S),"1,298","1,411",260,270,268,15,88,26,25,114,"3,775","1,300",Western Australia
LGA56790 Northampton (S),565,304,93,40,123,14,48,19,22,44,"1,272","1,500",Western Australia
LGA56860 Nungarin (S),41,17,0,3,8,5,9,3,0,0,86,"1,350",Western Australia
LGA56930 Peppermint Grove (S),247,121,69,0,29,0,3,8,4,9,490,"2,167",Western Australia
LGA57000 Perenjori (S),94,38,3,5,23,0,17,8,4,3,195,867,Western Australia
LGA57080 Perth (C),996,"1,553","2,995",350,882,42,124,67,21,128,"7,158","2,500",Western Australia
LGA57140 Pingelly (S),205,106,19,31,38,12,16,7,4,12,450,"1,083",Western Australia
LGA57210 Plantagenet (S),730,564,175,42,121,12,53,30,22,56,"1,805","1,300",Western Australia
LGA57280 Port Hedland (T),356,632,531,456,129,45,"1,280",70,32,185,"3,716","2,600",Western Australia
LGA57350 Quairading (S),216,89,8,27,27,11,19,8,7,9,421,750,Western Australia
LGA57420 Ravensthorpe (S),237,134,102,22,59,5,113,11,7,25,715,"1,200",Western Australia
LGA57490 Rockingham (C),"8,932","16,069","5,574",880,"2,968",63,560,147,220,748,"36,161","2,000",Western Australia
LGA57560 Roebourne (S),522,775,681,600,196,28,"2,143",113,60,166,"5,284","3,000",Western Australia
LGA57630 Sandstone (S),16,4,0,3,3,0,5,3,5,3,42,"2,000",Western Australia
LGA57700 Serpentine-Jarrahdale (S),"1,560","3,118",318,24,372,7,69,42,24,109,"5,643","2,167",Western Australia
LGA57770 Shark Bay (S),96,45,46,42,27,3,62,12,7,10,350,"1,005",Western Australia
LGA57840 South Perth (C),"4,762","4,460","3,524",744,"1,872",101,115,102,255,321,"16,256","2,200",Western Australia
LGA57910 Stirling (C),"23,764","24,946","12,443","3,443","8,288",496,839,394,779,"1,925","77,317","2,000",Western Australia
LGA57980 Subiaco (C),"2,050","1,609","1,994",363,921,48,79,51,209,136,"7,460","2,206",Western Australia
LGA58050 Swan (C),"8,792","18,310","3,566","1,533","2,693",138,385,150,164,810,"36,541","1,950",Western Australia
LGA58190 Tammin (S),71,30,3,5,16,0,9,6,3,7,150,272,Western Australia
LGA58260 Three Springs (S),107,47,4,12,21,3,21,15,10,8,248,532,Western Australia
LGA58330 Toodyay (S),662,684,90,13,96,13,24,14,13,32,"1,641","1,517",Western Australia
LGA58400 Trayning (S),64,28,0,10,15,0,17,0,4,0,138,498,Western Australia
LGA58470 Upper Gascoyne (S),18,4,0,26,0,7,10,3,3,3,74,0,Western Australia
LGA58510 Victoria Park (T),"2,731","3,767","3,041",666,"1,683",258,172,82,293,392,"13,085","2,167",Western Australia
LGA58540 Victoria Plains (S),149,63,0,14,28,5,51,19,4,13,346,477,Western Australia
LGA58570 Vincent (T),"3,168","3,921","2,899",432,"1,743",84,133,82,97,252,"12,811","2,300",Western Australia
LGA58610 Wagin (S),297,226,26,27,60,14,33,16,0,25,724,927,Western Australia
LGA58680 Wandering (S),80,43,4,0,15,0,7,6,6,5,166,"2,167",Western Australia
LGA58760 Wanneroo (C),"10,254","26,746","5,532","1,350","3,511",138,400,179,829,937,"49,876","2,104",Western Australia
LGA58820 Waroona (S),490,490,103,38,121,3,21,14,22,37,"1,339","1,517",Western Australia
LGA58890 West Arthur (S),173,75,4,6,38,4,25,13,7,9,354,712,Western Australia
LGA59030 Westonia (S),50,13,3,7,7,0,7,3,4,5,99,"1,439",Western Australia
LGA59100 Wickepin (S),145,56,0,11,34,3,13,8,6,13,289,611,Western Australia
LGA59170 Williams (S),152,98,8,15,43,4,22,15,7,0,364,"1,083",Western Australia
LGA59250 Wiluna (S),18,4,0,35,7,6,35,6,0,3,114,190,Western Australia
LGA59310 Wongan-Ballidu (S),208,147,18,31,69,12,35,9,11,22,562,975,Western Australia
LGA59320 Woodanilling (S),76,45,5,0,12,0,9,6,4,0,157,563,Western Australia
LGA59330 Wyalkatchem (S),98,41,3,12,25,4,15,7,3,11,219,585,Western Australia
LGA59340 Wyndham-East Kimberley (S),387,366,175,453,147,128,430,47,36,97,"2,266","2,167",Western Australia
LGA59350 Yalgoo (S),11,5,0,14,4,0,7,7,4,4,56,0,Western Australia
LGA59360 Yilgarn (S),191,103,6,20,63,3,46,24,12,10,478,867,Western Australia
LGA59370 York (S),582,438,72,60,84,0,26,19,12,37,"1,330","1,404",Western Australia
LGA60210 Break O'Day (M),"1,271",620,240,71,184,4,53,39,21,82,"2,585",953,Tasmania
LGA60410 Brighton (M),"1,198","2,292",424,907,292,32,47,28,20,102,"5,342","1,300",Tasmania
LGA60610 Burnie (C),"2,597","2,449",977,635,573,53,90,51,26,166,"7,617","1,148",Tasmania
LGA60810 Central Coast (M),"3,326","2,810",560,441,632,25,100,61,82,252,"8,289","1,213",Tasmania
LGA61010 Central Highlands (M),428,239,23,8,82,0,73,21,13,20,907,832,Tasmania
LGA61210 Circular Head (M),"1,050","1,073",200,98,212,46,139,54,31,70,"2,973","1,097",Tasmania
LGA61410 Clarence (C),"7,355","7,602","1,395","1,165","1,434",75,143,85,135,456,"19,845","1,500",Tasmania
LGA61510 Derwent Valley (M),"1,297","1,412",253,201,285,18,52,28,17,108,"3,671","1,200",Tasmania
LGA61610 Devonport (C),"3,452","2,966",981,934,831,67,119,60,62,289,"9,761","1,257",Tasmania
LGA61810 Dorset (M),"1,192",801,155,65,240,25,73,46,37,62,"2,696",975,Tasmania
LGA62010 Flinders (M),153,73,0,31,36,10,22,10,3,8,346,975,Tasmania
LGA62210 George Town (M),930,778,325,216,190,20,30,20,18,78,"2,605","1,200",Tasmania
LGA62410 Glamorgan/Spring Bay (M),846,389,104,27,204,4,48,27,19,53,"1,721","1,083",Tasmania
LGA62610 Glenorchy (C),"5,755","6,146","1,888","1,526","1,781",198,279,108,100,514,"18,295","1,322",Tasmania
LGA62810 Hobart (C),"6,523","5,650","3,062",648,"2,543",232,193,117,239,405,"19,612","1,700",Tasmania
LGA63010 Huon Valley (M),"2,408","2,190",357,87,427,33,91,51,46,122,"5,812","1,200",Tasmania
LGA63210 Kentish (M),999,828,93,28,167,18,23,33,16,38,"2,243","1,127",Tasmania
LGA63410 King Island (M),255,161,14,11,118,12,56,17,10,24,678,867,Tasmania
LGA63610 Kingborough (M),"4,845","4,925","1,011",336,958,101,92,65,91,213,"12,637","1,517",Tasmania
LGA63810 Latrobe (M),"1,521","1,263",332,120,317,34,58,31,28,78,"3,782","1,300",Tasmania
LGA64010 Launceston (C),"7,976","8,174","3,405","1,819","2,428",223,306,194,227,681,"25,433","1,300",Tasmania
LGA64210 Meander Valley (M),"3,005","2,645",500,184,548,43,109,72,51,167,"7,324","1,300",Tasmania
LGA64610 Northern Midlands (M),"1,933","1,593",243,150,418,60,147,52,32,121,"4,749","1,246",Tasmania
LGA64810 Sorell (M),"1,698","2,325",354,84,450,12,44,35,19,112,"5,133","1,275",Tasmania
LGA65010 Southern Midlands (M),878,935,51,24,187,11,54,33,28,53,"2,254","1,183",Tasmania
LGA65210 Tasman (M),467,271,39,4,99,3,13,11,6,39,952,927,Tasmania
LGA65410 Waratah/Wynyard (M),"2,169","1,736",408,328,414,47,62,35,38,139,"5,376","1,192",Tasmania
LGA65610 West Coast (M),829,473,177,32,174,6,139,24,19,59,"1,932",758,Tasmania
LGA65810 West Tamar (M),"3,428","3,102",700,119,511,30,86,52,55,177,"8,260","1,300",Tasmania
LGA70200 Alice Springs (T),"1,315","3,126","1,299",759,701,62,554,144,72,366,"8,398","1,950",Northern Territory
LGA70420 Barkly (S),145,181,37,489,104,149,223,47,39,116,"1,530",922,Northern Territory
LGA70540 Belyuen (S),0,0,0,27,0,0,5,0,0,4,36,0,Northern Territory
LGA70620 Central Desert (S),22,7,0,375,7,65,103,26,25,35,665,0,Northern Territory
LGA70700 Coomalie (S),144,97,15,28,44,14,24,12,7,18,403,"1,300",Northern Territory
LGA71000 Darwin (C),"4,587","7,675","4,910","1,777","2,687",174,"1,305",168,143,821,"24,247","2,167",Northern Territory
LGA71300 East Arnhem (S),11,4,0,590,4,311,195,24,35,30,"1,204",108,Northern Territory
LGA72200 Katherine (T),403,738,279,334,217,103,467,29,22,197,"2,789","1,733",Northern Territory
LGA72300 Litchfield (M),"1,584","2,795",239,18,547,24,100,86,48,139,"5,580","2,167",Northern Territory
LGA72330 MacDonnell (S),50,8,0,397,8,225,176,33,31,79,"1,007","1,625",Northern Territory
LGA72800 Palmerston (C),738,"3,718","1,749",868,755,33,691,42,26,196,"8,816","2,167",Northern Territory
LGA73600 Roper Gulf (S),130,37,0,396,18,242,115,33,26,80,"1,077",806,Northern Territory
LGA74050 Tiwi Islands (S),7,9,0,337,3,93,68,9,15,17,558,542,Northern Territory
LGA74500 Victoria-Daly (S),82,25,0,580,37,114,195,57,24,57,"1,171",834,Northern Territory
LGA74560 Wagait (S),57,73,3,0,14,0,0,7,3,8,165,"2,100",Northern Territory
LGA74660 West Arnhem (S),22,4,0,376,6,141,383,40,22,33,"1,027",108,Northern Territory
